Date,title,description,url,publishedAt,source,sentiment,relevance
2025-07-09,Think It's Too Late to Buy Lucid Group? Here's the Biggest Reason Why There's Still Time.,"Lucid Group is expected to see significant sales growth with the introduction of its Gravity SUV and plans for three new affordable models by 2026, despite being a smaller player in the competitive EV market.",https://www.fool.com/investing/2025/07/09/lucid-group-stock-buy-ev-tesla-lcid/?source=iedfolrf0000001,2025-07-09 16:24:34,The Motley Fool,0.0,1.0
2025-07-09,Torque Vectoring Market Outlook 2025-2034 | Cost and Complexity Hinder Torque Vectoring Adoption in Budget Segments,"The global Torque Vectoring Market is projected to grow from USD 11.1 billion in 2025 to USD 42.3 billion by 2034, driven by electric vehicle adoption and advanced drivetrain technologies, with a 16.0% CAGR.",https://www.globenewswire.com/news-release/2025/07/09/3112728/28124/en/Torque-Vectoring-Market-Outlook-2025-2034-Cost-and-Complexity-Hinder-Torque-Vectoring-Adoption-in-Budget-Segments.html,2025-07-09 14:53:00,GlobeNewswire Inc.,0.0,1.0
2025-07-10,"Tesla: Musk's Political Pivot, Delivery Misses Put Premium Valuation at Risk","Tesla faces challenges with declining vehicle deliveries, potential political involvement, and investor skepticism about Elon Musk's new political party plans, which could impact the company's stock valuation.",https://www.investing.com/analysis/tesla-musks-political-pivot-delivery-misses-put-premium-valuation-at-risk-200663479,2025-07-10 15:05:00,Investing.com,0.0,1.0
2025-07-10,"INVESTOR ALERT: Pomerantz Law Firm Investigates Claims On Behalf of Investors of Tesla, Inc. - TSLA","Tesla launched its robotaxi service in Austin, Texas, but faced potential regulatory scrutiny after the NHTSA contacted the company regarding reports of erratic autonomous vehicle behavior, leading to a sharp stock price decline.",https://www.globenewswire.com/news-release/2025/07/10/3113273/1087/en/INVESTOR-ALERT-Pomerantz-Law-Firm-Investigates-Claims-On-Behalf-of-Investors-of-Tesla-Inc-TSLA.html,2025-07-10 13:00:00,GlobeNewswire Inc.,0.0,1.0
2025-07-10,"Tesla Stock Is Falling, and Uber Stock Is Soaring","Tesla and Uber are experiencing divergent stock performances, with investors showing preference for companies demonstrating tangible success over those promising future technologies.",https://www.fool.com/investing/2025/07/10/tesla-stock-is-falling-and-uber-stock-is-soaring/?source=iedfolrf0000001,2025-07-10 10:32:00,The Motley Fool,0.0,1.0
2025-07-10,Is Tesla Stock a Buy Ahead of Earnings?,"Tesla faces delivery challenges and market uncertainties, with Q2 deliveries down 13% year-over-year. Despite current struggles, the company remains optimistic about future autonomous vehicle and robotics technologies.",https://www.fool.com/investing/2025/07/10/is-tesla-stock-a-buy-ahead-of-earnings/?source=iedfolrf0000001,2025-07-10 10:15:00,The Motley Fool,0.0,1.0
2025-07-10,"Massive News for Tesla Stock, Lucid Stock, and Rivian Stock Investors!","The Motley Fool is a financial services company founded in 1993, providing investing solutions, market analysis, and financial education to millions of people monthly through various platforms.",https://www.fool.com/investing/2025/07/10/massive-news-for-tesla-stock-lucid-stock-and-rivia/?source=iedfolrf0000001,2025-07-10 10:07:00,The Motley Fool,0.0,1.0
2025-07-10,A Good Recovery in Stock Markets After a Small Correction,"Stock markets experienced a small correction followed by a strong recovery, with futures markets showing positive momentum and potential for further gains across indices like S&P and Nasdaq.",https://www.investing.com/analysis/a-good-recovery-in-stock-markets-after-a-small-correction-200663458,2025-07-10 07:22:00,Investing.com,0.0,1.0
2025-07-10,This Is the No. 1 Ultra-High-Yield Dividend Stock Held by Retail Investors on Robinhood -- and It's Not Even Close,"Ford Motor Company is the top ultra-high-yield dividend stock on Robinhood, driven by its consistent F-Series truck sales, strategic EV investment approach, and attractive valuation, despite facing potential economic and trade headwinds.",https://www.fool.com/investing/2025/07/10/no-1-ultra-high-yield-dividend-stock-on-robinhood/?source=iedfolrf0000001,2025-07-10 07:06:00,The Motley Fool,0.0,1.0
2025-07-11,"S&P 500 Reaches New Record, but Uncertainty Looms","The S&P 500 reached a new record high of 6,290.22, with markets consolidating amid potential geopolitical risks like Canadian tariffs. Investor sentiment remains elevated, but uncertainty persists as markets prepare for the upcoming earnings season.",https://www.investing.com/analysis/sp-500-reaches-new-record-but-uncertainty-looms-200663554,2025-07-11 13:29:00,Investing.com,0.0,1.0
